liquid,slinky
innovative,madlad
defense,mechanism
wholesome,corruption
fluffy,turtle
spider,prison
waterproof,socks
pirate,orangutans
legendary,madlad
grippy,scissors
social,anxiety
inspirational,words
resolution,horrible
fruity,krueger
hardcore,parkour
smash,bandicoot
clear,racism
chinese,takeout
stupid,snitch
extreme,centrist
trojan,malware
crazy,magical
unintentional,circumcusion
complex,meme
pokemon,artwork
requiem,cheeks
establish,credibility
crumb,dumpster
instant,death
permanent,damage
lowkey,wholesome
captain,zimbabwe
intentional,renaissance
accidental,wholesome
bigger,bullets
corporate,videographer
quarantine,tarantino
heresy,leaflets
true,tuesday
gamer,moment
voodoo,economics
heavy,weather
muffalo,balaclava
choco,cookie
flavor,country
successful,investment
substantial,expansion
still,single
blast,hardcheese
jewish,tricks
basket,interference
straight,savage
whats,orange
spray,paint
historic,moment
nintendo,geezer
mango,mussolini
comrade,miyazaki
storm,blooper
surprise,bidet
cognitive,dissonance
melbourne,shuffle
chrome,horse
caterpillar,centepede
weapons,manufacturers
fantastic,parents
guinea,pirate
space,magic
nintendo,renaissance
thick,mints
special,sauce
stairs,flashback
steel,beams
bless,steph
crimson,cortex
illegal,beagle
personal,favourite
pathetic,attitude
whale,facts
neymar,crash
sticky,fingers
pregnant,carrot
gamer,scent
harvest,requiem
smart,eagle
philthy,mickelson
millennial,minions
thanos,quote
prepaid,cards
destructive,criticism
dandelion,tights
blame,canada
sword,douche
cheese,regret
spice,aisle
doctor,kenobi
linear,algebra
hotline,miami
dolphin,pictographs
autism,lizard
human,lawnmowers
diaper,suspenders
sneaky,snake
lawful,neutral
facebook,messenger
chocolate,shake
savage,saturday
official,statement
underwater,roadkill
magical,suicide
brake,failure
minecraft,paintings
clout,tokens
later,dweebs
vietnam,flashbacks
death,plague
permanent,silence
gamer,moment
content,deputy
sports,lorry
cloud,block
husband,material
basketball,hogwarts
mushroom,gorge
sunburn,immune
ferrari,dragster
school,coroner
instant,camouflage
speemch,themrapy
favorite,guide
somewhat,acceptable
social,anxiety
console,commands
security,vibing
brown,sonic
foxtrot,uniform
burger,queer
vegan,paradox
mental,stability
cranial,cavity
masterful,screenplay
spell,check
imperial,intelligence
competitive,heterosexuality
animal,pangea
cashiers,cheque
invisible,unicycle
tactical,pastor
perfect,pressure
political,parkour
spider,kittens
peasant,catapults
pretty,creepy
ultimate,cancer
fridge,glitch
beyond,parody
russian,businessman
guard,sharks
cuteness,overload
gender,neutral
aggressive,negotiations
taekwondo,toddler
abercrombie,fitch
country,bumpkins
amputation,successful
massive,gains
irony,abounds
immediate,cancer
propulsion,specialist
psychedelic,sister
toyota,accord
intellectual,vanity
sterile,needle
pretty,creative
tactical,parrot
instant,operation
concave,earth
posterior,fellow
butter,penthouse
perfect,reference
finders,keepers
eminem,medley
printer,wisdom
imagine,dragons
crocodile,skinks
instant,paralyzation
unsatisfactory,linguistics
zipline,glitch
moisture,truck
instant,spaghet
whens,melee
safer,sneks
paper,towels
scouts,honor
metaphorical,fortress
winners,legends
kangaroo,pants
mexican,train
communist,spinny
profile,picture
mobile,notification
wholesome,community
paper,shredder
australian,privilege
pandemic,selfie
sounds,juicy
russian,suicide
protection,pizza
perfect,length
maroon,monarch
national,garbage
tactical,hijab
gamers,riseup
rubber,bullets
order,wheelbarrow
final,smash
shadow,house
galactic,racism
constant,increasement
profile,picture
throat,sanitizer
eyeball,sauce
spanish,lagoon
semantic,satiation
armour,boots
microwave,bacon
sheer,perfection
aussie,ouija
closet,socialist
stock,photo
human,garbage
african,dictator
yugoslavian,pride
orangutan,parliament
cracker,protect
flair,traitor
blame,canada
involuntary,servants
cringe,title
murder,mittens
experimental,potato
sweet,fellowship
beetle,tendency
waterproof,boots
inverts,penis
paper,towels
gillette,commercial
albino,african
tactical,kamikaze
newspaper,fantastic
quake,champions
bucket,seats
blood,money
noodle,swords
abstract,soyface
store,bought
smart,daughter
cinematic,genocide
small,candle
